stored_filename,original_filename,sha256,size_bytes,mime,email_date,email_subject,part_label,message_id,classified_folder,notes
main_01_Outlook-uphnzvtj.jpg,Outlook-uphnzvtj.jpg,9c2433051266552d452ca6f85f819d5be8d72f1cbdeb237a2fa00c9b5dcc1c09,44485,image/jpeg,2026-05-22T09:55:25+00:00,回复: Partnership Inquiry - Reseller + API Integration (France),main,19e4f1c90b416e09,email-assets,
main_01_Outlook-uphnzvtj.jpg,Outlook-n4yq3iaz.jpg,9c2433051266552d452ca6f85f819d5be8d72f1cbdeb237a2fa00c9b5dcc1c09,44485,image/jpeg,2026-05-22T09:55:25+00:00,回复: Partnership Inquiry - Reseller + API Integration (France),main,19e4f1c90b416e09,email-assets,duplicate_of:main_01_Outlook-uphnzvtj.jpg
main_02_Outlook-jcyey3hv.gif,Outlook-jcyey3hv.gif,ef1955ae757c8b966c83248350331bd3a30f658ced11f387f8ebf05ab3368629,42,image/gif,2026-05-22T09:55:25+00:00,回复: Partnership Inquiry - Reseller + API Integration (France),main,19e4f1c90b416e09,email-assets,
main_01_Outlook-uphnzvtj.jpg,Outlook-iq3ifp02.jpg,9c2433051266552d452ca6f85f819d5be8d72f1cbdeb237a2fa00c9b5dcc1c09,44485,image/jpeg,2026-05-22T09:55:25+00:00,回复: Partnership Inquiry - Reseller + API Integration (France),main,19e4f1c90b416e09,email-assets,duplicate_of:main_01_Outlook-uphnzvtj.jpg
main_02_Outlook-jcyey3hv.gif,Outlook-jv3l4ned.gif,ef1955ae757c8b966c83248350331bd3a30f658ced11f387f8ebf05ab3368629,42,image/gif,2026-05-22T09:55:25+00:00,回复: Partnership Inquiry - Reseller + API Integration (France),main,19e4f1c90b416e09,email-assets,duplicate_of:main_02_Outlook-jcyey3hv.gif
main_01_Outlook-uphnzvtj.jpg,Outlook-yazwuxn1.jpg,9c2433051266552d452ca6f85f819d5be8d72f1cbdeb237a2fa00c9b5dcc1c09,44485,image/jpeg,2026-05-22T09:55:25+00:00,回复: Partnership Inquiry - Reseller + API Integration (France),main,19e4f1c90b416e09,email-assets,duplicate_of:main_01_Outlook-uphnzvtj.jpg
main_02_Outlook-jcyey3hv.gif,Outlook-gpxmrrix.gif,ef1955ae757c8b966c83248350331bd3a30f658ced11f387f8ebf05ab3368629,42,image/gif,2026-05-22T09:55:25+00:00,回复: Partnership Inquiry - Reseller + API Integration (France),main,19e4f1c90b416e09,email-assets,duplicate_of:main_02_Outlook-jcyey3hv.gif
main_01_Outlook-uphnzvtj.jpg,Outlook-1ddia5os.jpg,9c2433051266552d452ca6f85f819d5be8d72f1cbdeb237a2fa00c9b5dcc1c09,44485,image/jpeg,2026-05-22T09:55:25+00:00,回复: Partnership Inquiry - Reseller + API Integration (France),main,19e4f1c90b416e09,email-assets,duplicate_of:main_01_Outlook-uphnzvtj.jpg
main_02_Outlook-jcyey3hv.gif,Outlook-fzuvhyuy.gif,ef1955ae757c8b966c83248350331bd3a30f658ced11f387f8ebf05ab3368629,42,image/gif,2026-05-22T09:55:25+00:00,回复: Partnership Inquiry - Reseller + API Integration (France),main,19e4f1c90b416e09,email-assets,duplicate_of:main_02_Outlook-jcyey3hv.gif
main_03_Outlook-eond0awr.png,Outlook-eond0awr.png,a0914fb2f8f7ad5a23a8f676f6eb02d865e99bd0571355e284909d8cd27fc1c9,85871,image/png,2026-05-22T09:55:25+00:00,回复: Partnership Inquiry - Reseller + API Integration (France),main,19e4f1c90b416e09,email-assets,
main_01_Outlook-uphnzvtj.jpg,Outlook-shfod1zo.jpg,9c2433051266552d452ca6f85f819d5be8d72f1cbdeb237a2fa00c9b5dcc1c09,44485,image/jpeg,2026-05-22T09:55:25+00:00,回复: Partnership Inquiry - Reseller + API Integration (France),main,19e4f1c90b416e09,email-assets,duplicate_of:main_01_Outlook-uphnzvtj.jpg
main_02_Outlook-jcyey3hv.gif,Outlook-rbqq24y1.gif,ef1955ae757c8b966c83248350331bd3a30f658ced11f387f8ebf05ab3368629,42,image/gif,2026-05-22T09:55:25+00:00,回复: Partnership Inquiry - Reseller + API Integration (France),main,19e4f1c90b416e09,email-assets,duplicate_of:main_02_Outlook-jcyey3hv.gif
main_02_Outlook-jcyey3hv.gif,Outlook-eqbsbxxr.gif,ef1955ae757c8b966c83248350331bd3a30f658ced11f387f8ebf05ab3368629,42,image/gif,2026-05-22T09:55:25+00:00,回复: Partnership Inquiry - Reseller + API Integration (France),main,19e4f1c90b416e09,email-assets,duplicate_of:main_02_Outlook-jcyey3hv.gif
main_01_Outlook-uphnzvtj.jpg,Outlook-wqgpcsnm.jpg,9c2433051266552d452ca6f85f819d5be8d72f1cbdeb237a2fa00c9b5dcc1c09,44485,image/jpeg,2026-05-22T09:55:25+00:00,回复: Partnership Inquiry - Reseller + API Integration (France),main,19e4f1c90b416e09,email-assets,duplicate_of:main_01_Outlook-uphnzvtj.jpg
main_02_Outlook-jcyey3hv.gif,Outlook-oa4mnjk4.gif,ef1955ae757c8b966c83248350331bd3a30f658ced11f387f8ebf05ab3368629,42,image/gif,2026-05-22T09:55:25+00:00,回复: Partnership Inquiry - Reseller + API Integration (France),main,19e4f1c90b416e09,email-assets,duplicate_of:main_02_Outlook-jcyey3hv.gif
main_02_Outlook-jcyey3hv.gif,Outlook-1pfbenqd.gif,ef1955ae757c8b966c83248350331bd3a30f658ced11f387f8ebf05ab3368629,42,image/gif,2026-05-22T09:55:25+00:00,回复: Partnership Inquiry - Reseller + API Integration (France),main,19e4f1c90b416e09,email-assets,duplicate_of:main_02_Outlook-jcyey3hv.gif
main_02_Outlook-jcyey3hv.gif,Outlook-l1vsptuo.gif,ef1955ae757c8b966c83248350331bd3a30f658ced11f387f8ebf05ab3368629,42,image/gif,2026-05-22T09:55:25+00:00,回复: Partnership Inquiry - Reseller + API Integration (France),main,19e4f1c90b416e09,email-assets,duplicate_of:main_02_Outlook-jcyey3hv.gif
main_01_Outlook-uphnzvtj.jpg,Outlook-izmfsgwn.jpg,9c2433051266552d452ca6f85f819d5be8d72f1cbdeb237a2fa00c9b5dcc1c09,44485,image/jpeg,2026-05-22T09:55:25+00:00,回复: Partnership Inquiry - Reseller + API Integration (France),main,19e4f1c90b416e09,email-assets,duplicate_of:main_01_Outlook-uphnzvtj.jpg
main_02_Outlook-jcyey3hv.gif,Outlook-tsoxpnso.gif,ef1955ae757c8b966c83248350331bd3a30f658ced11f387f8ebf05ab3368629,42,image/gif,2026-05-22T09:55:25+00:00,回复: Partnership Inquiry - Reseller + API Integration (France),main,19e4f1c90b416e09,email-assets,duplicate_of:main_02_Outlook-jcyey3hv.gif
main_01_Outlook-uphnzvtj.jpg,Outlook-1gzkuuno.jpg,9c2433051266552d452ca6f85f819d5be8d72f1cbdeb237a2fa00c9b5dcc1c09,44485,image/jpeg,2026-05-22T09:55:25+00:00,回复: Partnership Inquiry - Reseller + API Integration (France),main,19e4f1c90b416e09,email-assets,duplicate_of:main_01_Outlook-uphnzvtj.jpg
main_02_Outlook-jcyey3hv.gif,Outlook-4bo1qno4.gif,ef1955ae757c8b966c83248350331bd3a30f658ced11f387f8ebf05ab3368629,42,image/gif,2026-05-22T09:55:25+00:00,回复: Partnership Inquiry - Reseller + API Integration (France),main,19e4f1c90b416e09,email-assets,duplicate_of:main_02_Outlook-jcyey3hv.gif
main_01_Outlook-uphnzvtj.jpg,Outlook-egrccme3.jpg,9c2433051266552d452ca6f85f819d5be8d72f1cbdeb237a2fa00c9b5dcc1c09,44485,image/jpeg,2026-05-22T09:55:25+00:00,回复: Partnership Inquiry - Reseller + API Integration (France),main,19e4f1c90b416e09,email-assets,duplicate_of:main_01_Outlook-uphnzvtj.jpg
main_04_inthebox.png,inthebox.png,dc2b4b8a026beaccf27ff8b267a5bf2eed211a8ebeadd40645436be989d353e4,39717,image/png,2026-05-22T09:55:25+00:00,回复: Partnership Inquiry - Reseller + API Integration (France),main,19e4f1c90b416e09,email-assets,
main_05_LA518A2 APP Recorder Parameters_EN.xls,LA518A2 APP Recorder Parameters_EN.xls,cf0c3521917dcd9b6a61f14fe8f8cdd4b16f5ee44639f8e9befe16742048640a,28160,application/vnd.ms-excel,2026-05-22T09:55:25+00:00,回复: Partnership Inquiry - Reseller + API Integration (France),main,19e4f1c90b416e09,technical-gen1,
main_06_note_plus.pdf,note_plus.pdf,23a13b152a6439d3586d2996ea14c55cde13a3a2c059dc8a52253be34932adc4,20556,application/pdf,2026-05-22T09:55:25+00:00,回复: Partnership Inquiry - Reseller + API Integration (France),main,19e4f1c90b416e09,technical-gen1,
main_07_note_plus_-wei(1)(1).pdf,note_plus_-wei(1)(1).pdf,8569120f15840950f4134c6fa1c180ff82e00d0d59bce6fbf8c12dbcf03dd1dd,105752,application/pdf,2026-05-22T09:55:25+00:00,回复: Partnership Inquiry - Reseller + API Integration (France),main,19e4f1c90b416e09,technical-gen1,
main_08_Packaging Design Artwork.png,Packaging Design Artwork.png,d35c10a48ee87e1d0f0e4441b596bb945f37bc5f347666019e920374f76c4201,146958,image/png,2026-05-22T09:55:25+00:00,回复: Partnership Inquiry - Reseller + API Integration (France),main,19e4f1c90b416e09,packaging-branding,
main_01_Outlook-uphnzvtj.jpg,Outlook-rsown2yv.jpg,9c2433051266552d452ca6f85f819d5be8d72f1cbdeb237a2fa00c9b5dcc1c09,44485,image/jpeg,2026-05-22T09:57:11+00:00,回复: Partnership Inquiry - Reseller + API Integration (France),part1,19e4f1e2a9810439,email-assets,duplicate_of:main_01_Outlook-uphnzvtj.jpg
main_01_Outlook-uphnzvtj.jpg,Outlook-l2y102ii.jpg,9c2433051266552d452ca6f85f819d5be8d72f1cbdeb237a2fa00c9b5dcc1c09,44485,image/jpeg,2026-05-22T09:57:11+00:00,回复: Partnership Inquiry - Reseller + API Integration (France),part1,19e4f1e2a9810439,email-assets,duplicate_of:main_01_Outlook-uphnzvtj.jpg
main_01_Outlook-uphnzvtj.jpg,Outlook-xjxqsdxn.jpg,9c2433051266552d452ca6f85f819d5be8d72f1cbdeb237a2fa00c9b5dcc1c09,44485,image/jpeg,2026-05-22T09:57:11+00:00,回复: Partnership Inquiry - Reseller + API Integration (France),part1,19e4f1e2a9810439,email-assets,duplicate_of:main_01_Outlook-uphnzvtj.jpg
main_01_Outlook-uphnzvtj.jpg,Outlook-hcbxvpyz.jpg,9c2433051266552d452ca6f85f819d5be8d72f1cbdeb237a2fa00c9b5dcc1c09,44485,image/jpeg,2026-05-22T09:57:11+00:00,回复: Partnership Inquiry - Reseller + API Integration (France),part1,19e4f1e2a9810439,email-assets,duplicate_of:main_01_Outlook-uphnzvtj.jpg
main_03_Outlook-eond0awr.png,image.png,a0914fb2f8f7ad5a23a8f676f6eb02d865e99bd0571355e284909d8cd27fc1c9,85871,image/png,2026-05-22T09:57:11+00:00,回复: Partnership Inquiry - Reseller + API Integration (France),part1,19e4f1e2a9810439,email-assets,duplicate_of:main_03_Outlook-eond0awr.png
main_01_Outlook-uphnzvtj.jpg,Outlook-aevw2bhn.jpg,9c2433051266552d452ca6f85f819d5be8d72f1cbdeb237a2fa00c9b5dcc1c09,44485,image/jpeg,2026-05-22T09:57:11+00:00,回复: Partnership Inquiry - Reseller + API Integration (France),part1,19e4f1e2a9810439,email-assets,duplicate_of:main_01_Outlook-uphnzvtj.jpg
main_01_Outlook-uphnzvtj.jpg,Outlook-3fmafput.jpg,9c2433051266552d452ca6f85f819d5be8d72f1cbdeb237a2fa00c9b5dcc1c09,44485,image/jpeg,2026-05-22T09:57:11+00:00,回复: Partnership Inquiry - Reseller + API Integration (France),part1,19e4f1e2a9810439,email-assets,duplicate_of:main_01_Outlook-uphnzvtj.jpg
main_01_Outlook-uphnzvtj.jpg,Outlook-xshyebea.jpg,9c2433051266552d452ca6f85f819d5be8d72f1cbdeb237a2fa00c9b5dcc1c09,44485,image/jpeg,2026-05-22T09:57:11+00:00,回复: Partnership Inquiry - Reseller + API Integration (France),part1,19e4f1e2a9810439,email-assets,duplicate_of:main_01_Outlook-uphnzvtj.jpg
main_01_Outlook-uphnzvtj.jpg,Outlook-rd4ieslc.jpg,9c2433051266552d452ca6f85f819d5be8d72f1cbdeb237a2fa00c9b5dcc1c09,44485,image/jpeg,2026-05-22T09:57:11+00:00,回复: Partnership Inquiry - Reseller + API Integration (France),part1,19e4f1e2a9810439,email-assets,duplicate_of:main_01_Outlook-uphnzvtj.jpg
main_01_Outlook-uphnzvtj.jpg,Outlook-yf3elnnu.jpg,9c2433051266552d452ca6f85f819d5be8d72f1cbdeb237a2fa00c9b5dcc1c09,44485,image/jpeg,2026-05-22T09:57:11+00:00,回复: Partnership Inquiry - Reseller + API Integration (France),part1,19e4f1e2a9810439,email-assets,duplicate_of:main_01_Outlook-uphnzvtj.jpg
main_01_Outlook-uphnzvtj.jpg,Outlook-hjlidzlx.jpg,9c2433051266552d452ca6f85f819d5be8d72f1cbdeb237a2fa00c9b5dcc1c09,44485,image/jpeg,2026-05-22T09:57:11+00:00,回复: Partnership Inquiry - Reseller + API Integration (France),part1,19e4f1e2a9810439,email-assets,duplicate_of:main_01_Outlook-uphnzvtj.jpg
part1_01_26-1223 空 967.pdf,26-1223 空 967.pdf,8ec662249fedf74c8233afbc72095b2d85674a796fe8e6e32f1e048ddde7ff43,4135707,application/pdf,2026-05-22T09:57:11+00:00,回复: Partnership Inquiry - Reseller + API Integration (France),part1,19e4f1e2a9810439,compliance,
part1_02_TCT250402B028_驰明新能源_184948-挤压 UN38.3-Rev.8.pdf,TCT250402B028_驰明新能源_184948-挤压 UN38.3-Rev.8.pdf,60131f12fc13c40734c2be7b72bc78fc28fd72f71e0491ae1149815d2bca3e39,1386341,application/pdf,2026-05-22T09:57:11+00:00,回复: Partnership Inquiry - Reseller + API Integration (France),part1,19e4f1e2a9810439,compliance,
part1_03_TCT250526D002_驰明新能源_184948_1.2m-967.pdf,TCT250526D002_驰明新能源_184948_1.2m-967.pdf,8d18d067f48f62a2763a4e8a20a599508f8dd7c953f1e9c081848a0715ece965,962831,application/pdf,2026-05-22T09:57:11+00:00,回复: Partnership Inquiry - Reseller + API Integration (France),part1,19e4f1e2a9810439,compliance,
part1_04_TCT250526T002_驰明新能源_184948_堆码试验.pdf,TCT250526T002_驰明新能源_184948_堆码试验.pdf,39dbf2c485cacd50ccf9e2fceea73e476a404dc7df882693077dfa3585101eba,978567,application/pdf,2026-05-22T09:57:11+00:00,回复: Partnership Inquiry - Reseller + API Integration (France),part1,19e4f1e2a9810439,compliance,
part1_05_TCT251114H606_驰明新能源_184948_海运-967.pdf,TCT251114H606_驰明新能源_184948_海运-967.pdf,de6696b688a7b8acf01f626f2e46ed7e219cc4c0c94ecb45742108fa7ec6d2a9,1072468,application/pdf,2026-05-22T09:57:11+00:00,回复: Partnership Inquiry - Reseller + API Integration (France),part1,19e4f1e2a9810439,compliance,
part1_06_TCT251114M264_驰明新能源_184948_SDS.pdf,TCT251114M264_驰明新能源_184948_SDS.pdf,918221701eed82762d3f4d8d0994d793c9dc597e78fb559d0499d3dcbbc67919,1237135,application/pdf,2026-05-22T09:57:11+00:00,回复: Partnership Inquiry - Reseller + API Integration (France),part1,19e4f1e2a9810439,compliance,
main_01_Outlook-uphnzvtj.jpg,Outlook-rsown2yv.jpg,9c2433051266552d452ca6f85f819d5be8d72f1cbdeb237a2fa00c9b5dcc1c09,44485,image/jpeg,2026-05-22T09:58:18+00:00,回复: Partnership Inquiry - Reseller + API Integration (France),part2,19e4f1f337fb0754,email-assets,duplicate_of:main_01_Outlook-uphnzvtj.jpg
main_01_Outlook-uphnzvtj.jpg,Outlook-l2y102ii.jpg,9c2433051266552d452ca6f85f819d5be8d72f1cbdeb237a2fa00c9b5dcc1c09,44485,image/jpeg,2026-05-22T09:58:18+00:00,回复: Partnership Inquiry - Reseller + API Integration (France),part2,19e4f1f337fb0754,email-assets,duplicate_of:main_01_Outlook-uphnzvtj.jpg
main_01_Outlook-uphnzvtj.jpg,Outlook-xjxqsdxn.jpg,9c2433051266552d452ca6f85f819d5be8d72f1cbdeb237a2fa00c9b5dcc1c09,44485,image/jpeg,2026-05-22T09:58:18+00:00,回复: Partnership Inquiry - Reseller + API Integration (France),part2,19e4f1f337fb0754,email-assets,duplicate_of:main_01_Outlook-uphnzvtj.jpg
main_01_Outlook-uphnzvtj.jpg,Outlook-hcbxvpyz.jpg,9c2433051266552d452ca6f85f819d5be8d72f1cbdeb237a2fa00c9b5dcc1c09,44485,image/jpeg,2026-05-22T09:58:18+00:00,回复: Partnership Inquiry - Reseller + API Integration (France),part2,19e4f1f337fb0754,email-assets,duplicate_of:main_01_Outlook-uphnzvtj.jpg
main_03_Outlook-eond0awr.png,image.png,a0914fb2f8f7ad5a23a8f676f6eb02d865e99bd0571355e284909d8cd27fc1c9,85871,image/png,2026-05-22T09:58:18+00:00,回复: Partnership Inquiry - Reseller + API Integration (France),part2,19e4f1f337fb0754,email-assets,duplicate_of:main_03_Outlook-eond0awr.png
main_01_Outlook-uphnzvtj.jpg,Outlook-aevw2bhn.jpg,9c2433051266552d452ca6f85f819d5be8d72f1cbdeb237a2fa00c9b5dcc1c09,44485,image/jpeg,2026-05-22T09:58:18+00:00,回复: Partnership Inquiry - Reseller + API Integration (France),part2,19e4f1f337fb0754,email-assets,duplicate_of:main_01_Outlook-uphnzvtj.jpg
main_01_Outlook-uphnzvtj.jpg,Outlook-3fmafput.jpg,9c2433051266552d452ca6f85f819d5be8d72f1cbdeb237a2fa00c9b5dcc1c09,44485,image/jpeg,2026-05-22T09:58:18+00:00,回复: Partnership Inquiry - Reseller + API Integration (France),part2,19e4f1f337fb0754,email-assets,duplicate_of:main_01_Outlook-uphnzvtj.jpg
main_01_Outlook-uphnzvtj.jpg,Outlook-xshyebea.jpg,9c2433051266552d452ca6f85f819d5be8d72f1cbdeb237a2fa00c9b5dcc1c09,44485,image/jpeg,2026-05-22T09:58:18+00:00,回复: Partnership Inquiry - Reseller + API Integration (France),part2,19e4f1f337fb0754,email-assets,duplicate_of:main_01_Outlook-uphnzvtj.jpg
main_01_Outlook-uphnzvtj.jpg,Outlook-rd4ieslc.jpg,9c2433051266552d452ca6f85f819d5be8d72f1cbdeb237a2fa00c9b5dcc1c09,44485,image/jpeg,2026-05-22T09:58:18+00:00,回复: Partnership Inquiry - Reseller + API Integration (France),part2,19e4f1f337fb0754,email-assets,duplicate_of:main_01_Outlook-uphnzvtj.jpg
main_01_Outlook-uphnzvtj.jpg,Outlook-yf3elnnu.jpg,9c2433051266552d452ca6f85f819d5be8d72f1cbdeb237a2fa00c9b5dcc1c09,44485,image/jpeg,2026-05-22T09:58:18+00:00,回复: Partnership Inquiry - Reseller + API Integration (France),part2,19e4f1f337fb0754,email-assets,duplicate_of:main_01_Outlook-uphnzvtj.jpg
main_01_Outlook-uphnzvtj.jpg,Outlook-afj1krc0.jpg,9c2433051266552d452ca6f85f819d5be8d72f1cbdeb237a2fa00c9b5dcc1c09,44485,image/jpeg,2026-05-22T09:58:18+00:00,回复: Partnership Inquiry - Reseller + API Integration (France),part2,19e4f1f337fb0754,email-assets,duplicate_of:main_01_Outlook-uphnzvtj.jpg
part2_01_HUAX250530041ER_满益(京宏)-AI 录音机_CE_EMC_Report.pdf,HUAX250530041ER_满益(京宏)-AI 录音机_CE_EMC_Report.pdf,57ec147d5affbc38fe4623a804a82c5c340becac72d096c994f24dee74c97404,21800295,application/pdf,2026-05-22T09:58:18+00:00,回复: Partnership Inquiry - Reseller + API Integration (France),part2,19e4f1f337fb0754,compliance,
main_01_Outlook-uphnzvtj.jpg,Outlook-rsown2yv.jpg,9c2433051266552d452ca6f85f819d5be8d72f1cbdeb237a2fa00c9b5dcc1c09,44485,image/jpeg,2026-05-22T09:58:57+00:00,回复: Partnership Inquiry - Reseller + API Integration (France),part3a,19e4f1fd70e9c0b6,email-assets,duplicate_of:main_01_Outlook-uphnzvtj.jpg
main_01_Outlook-uphnzvtj.jpg,Outlook-l2y102ii.jpg,9c2433051266552d452ca6f85f819d5be8d72f1cbdeb237a2fa00c9b5dcc1c09,44485,image/jpeg,2026-05-22T09:58:57+00:00,回复: Partnership Inquiry - Reseller + API Integration (France),part3a,19e4f1fd70e9c0b6,email-assets,duplicate_of:main_01_Outlook-uphnzvtj.jpg
main_01_Outlook-uphnzvtj.jpg,Outlook-xjxqsdxn.jpg,9c2433051266552d452ca6f85f819d5be8d72f1cbdeb237a2fa00c9b5dcc1c09,44485,image/jpeg,2026-05-22T09:58:57+00:00,回复: Partnership Inquiry - Reseller + API Integration (France),part3a,19e4f1fd70e9c0b6,email-assets,duplicate_of:main_01_Outlook-uphnzvtj.jpg
main_01_Outlook-uphnzvtj.jpg,Outlook-hcbxvpyz.jpg,9c2433051266552d452ca6f85f819d5be8d72f1cbdeb237a2fa00c9b5dcc1c09,44485,image/jpeg,2026-05-22T09:58:57+00:00,回复: Partnership Inquiry - Reseller + API Integration (France),part3a,19e4f1fd70e9c0b6,email-assets,duplicate_of:main_01_Outlook-uphnzvtj.jpg
main_03_Outlook-eond0awr.png,image.png,a0914fb2f8f7ad5a23a8f676f6eb02d865e99bd0571355e284909d8cd27fc1c9,85871,image/png,2026-05-22T09:58:57+00:00,回复: Partnership Inquiry - Reseller + API Integration (France),part3a,19e4f1fd70e9c0b6,email-assets,duplicate_of:main_03_Outlook-eond0awr.png
main_01_Outlook-uphnzvtj.jpg,Outlook-aevw2bhn.jpg,9c2433051266552d452ca6f85f819d5be8d72f1cbdeb237a2fa00c9b5dcc1c09,44485,image/jpeg,2026-05-22T09:58:57+00:00,回复: Partnership Inquiry - Reseller + API Integration (France),part3a,19e4f1fd70e9c0b6,email-assets,duplicate_of:main_01_Outlook-uphnzvtj.jpg
main_01_Outlook-uphnzvtj.jpg,Outlook-3fmafput.jpg,9c2433051266552d452ca6f85f819d5be8d72f1cbdeb237a2fa00c9b5dcc1c09,44485,image/jpeg,2026-05-22T09:58:57+00:00,回复: Partnership Inquiry - Reseller + API Integration (France),part3a,19e4f1fd70e9c0b6,email-assets,duplicate_of:main_01_Outlook-uphnzvtj.jpg
main_01_Outlook-uphnzvtj.jpg,Outlook-xshyebea.jpg,9c2433051266552d452ca6f85f819d5be8d72f1cbdeb237a2fa00c9b5dcc1c09,44485,image/jpeg,2026-05-22T09:58:57+00:00,回复: Partnership Inquiry - Reseller + API Integration (France),part3a,19e4f1fd70e9c0b6,email-assets,duplicate_of:main_01_Outlook-uphnzvtj.jpg
main_01_Outlook-uphnzvtj.jpg,Outlook-rd4ieslc.jpg,9c2433051266552d452ca6f85f819d5be8d72f1cbdeb237a2fa00c9b5dcc1c09,44485,image/jpeg,2026-05-22T09:58:57+00:00,回复: Partnership Inquiry - Reseller + API Integration (France),part3a,19e4f1fd70e9c0b6,email-assets,duplicate_of:main_01_Outlook-uphnzvtj.jpg
main_01_Outlook-uphnzvtj.jpg,Outlook-yf3elnnu.jpg,9c2433051266552d452ca6f85f819d5be8d72f1cbdeb237a2fa00c9b5dcc1c09,44485,image/jpeg,2026-05-22T09:58:57+00:00,回复: Partnership Inquiry - Reseller + API Integration (France),part3a,19e4f1fd70e9c0b6,email-assets,duplicate_of:main_01_Outlook-uphnzvtj.jpg
main_01_Outlook-uphnzvtj.jpg,Outlook-hjlidzlx.jpg,9c2433051266552d452ca6f85f819d5be8d72f1cbdeb237a2fa00c9b5dcc1c09,44485,image/jpeg,2026-05-22T09:58:57+00:00,回复: Partnership Inquiry - Reseller + API Integration (France),part3a,19e4f1fd70e9c0b6,email-assets,duplicate_of:main_01_Outlook-uphnzvtj.jpg
main_01_Outlook-uphnzvtj.jpg,Outlook-ztlweesi.jpg,9c2433051266552d452ca6f85f819d5be8d72f1cbdeb237a2fa00c9b5dcc1c09,44485,image/jpeg,2026-05-22T09:58:57+00:00,回复: Partnership Inquiry - Reseller + API Integration (France),part3a,19e4f1fd70e9c0b6,email-assets,duplicate_of:main_01_Outlook-uphnzvtj.jpg
part3a_01_HUAX250530041HR_满益(京宏)-AI 录音机_CE_MPE_Report.pdf,HUAX250530041HR_满益(京宏)-AI 录音机_CE_MPE_Report.pdf,00a386fb400b17cb6aa4ddac706bf4c1674121067cb70405f89579c01132aa0b,20119197,application/pdf,2026-05-22T09:58:57+00:00,回复: Partnership Inquiry - Reseller + API Integration (France),part3a,19e4f1fd70e9c0b6,compliance,
part3a_02_HUAX250530041RC_满益(京宏)-AI 录音机_CE_RED Cer.pdf,HUAX250530041RC_满益(京宏)-AI 录音机_CE_RED Cer.pdf,8f1f28f557aeed99c783d9bfb29a77b428a68be5f7bd4eb08d66be326c8b81a9,394552,application/pdf,2026-05-22T09:58:57+00:00,回复: Partnership Inquiry - Reseller + API Integration (France),part3a,19e4f1fd70e9c0b6,compliance,
main_01_Outlook-uphnzvtj.jpg,Outlook-rsown2yv.jpg,9c2433051266552d452ca6f85f819d5be8d72f1cbdeb237a2fa00c9b5dcc1c09,44485,image/jpeg,2026-05-22T09:59:32+00:00,回复: Partnership Inquiry - Reseller + API Integration (France),part3b,19e4f205a8e26c79,email-assets,duplicate_of:main_01_Outlook-uphnzvtj.jpg
main_01_Outlook-uphnzvtj.jpg,Outlook-l2y102ii.jpg,9c2433051266552d452ca6f85f819d5be8d72f1cbdeb237a2fa00c9b5dcc1c09,44485,image/jpeg,2026-05-22T09:59:32+00:00,回复: Partnership Inquiry - Reseller + API Integration (France),part3b,19e4f205a8e26c79,email-assets,duplicate_of:main_01_Outlook-uphnzvtj.jpg
main_01_Outlook-uphnzvtj.jpg,Outlook-xjxqsdxn.jpg,9c2433051266552d452ca6f85f819d5be8d72f1cbdeb237a2fa00c9b5dcc1c09,44485,image/jpeg,2026-05-22T09:59:32+00:00,回复: Partnership Inquiry - Reseller + API Integration (France),part3b,19e4f205a8e26c79,email-assets,duplicate_of:main_01_Outlook-uphnzvtj.jpg
main_01_Outlook-uphnzvtj.jpg,Outlook-hcbxvpyz.jpg,9c2433051266552d452ca6f85f819d5be8d72f1cbdeb237a2fa00c9b5dcc1c09,44485,image/jpeg,2026-05-22T09:59:32+00:00,回复: Partnership Inquiry - Reseller + API Integration (France),part3b,19e4f205a8e26c79,email-assets,duplicate_of:main_01_Outlook-uphnzvtj.jpg
main_03_Outlook-eond0awr.png,image.png,a0914fb2f8f7ad5a23a8f676f6eb02d865e99bd0571355e284909d8cd27fc1c9,85871,image/png,2026-05-22T09:59:32+00:00,回复: Partnership Inquiry - Reseller + API Integration (France),part3b,19e4f205a8e26c79,email-assets,duplicate_of:main_03_Outlook-eond0awr.png
main_01_Outlook-uphnzvtj.jpg,Outlook-aevw2bhn.jpg,9c2433051266552d452ca6f85f819d5be8d72f1cbdeb237a2fa00c9b5dcc1c09,44485,image/jpeg,2026-05-22T09:59:32+00:00,回复: Partnership Inquiry - Reseller + API Integration (France),part3b,19e4f205a8e26c79,email-assets,duplicate_of:main_01_Outlook-uphnzvtj.jpg
main_01_Outlook-uphnzvtj.jpg,Outlook-3fmafput.jpg,9c2433051266552d452ca6f85f819d5be8d72f1cbdeb237a2fa00c9b5dcc1c09,44485,image/jpeg,2026-05-22T09:59:32+00:00,回复: Partnership Inquiry - Reseller + API Integration (France),part3b,19e4f205a8e26c79,email-assets,duplicate_of:main_01_Outlook-uphnzvtj.jpg
main_01_Outlook-uphnzvtj.jpg,Outlook-xshyebea.jpg,9c2433051266552d452ca6f85f819d5be8d72f1cbdeb237a2fa00c9b5dcc1c09,44485,image/jpeg,2026-05-22T09:59:32+00:00,回复: Partnership Inquiry - Reseller + API Integration (France),part3b,19e4f205a8e26c79,email-assets,duplicate_of:main_01_Outlook-uphnzvtj.jpg
main_01_Outlook-uphnzvtj.jpg,Outlook-rd4ieslc.jpg,9c2433051266552d452ca6f85f819d5be8d72f1cbdeb237a2fa00c9b5dcc1c09,44485,image/jpeg,2026-05-22T09:59:32+00:00,回复: Partnership Inquiry - Reseller + API Integration (France),part3b,19e4f205a8e26c79,email-assets,duplicate_of:main_01_Outlook-uphnzvtj.jpg
main_01_Outlook-uphnzvtj.jpg,Outlook-yf3elnnu.jpg,9c2433051266552d452ca6f85f819d5be8d72f1cbdeb237a2fa00c9b5dcc1c09,44485,image/jpeg,2026-05-22T09:59:32+00:00,回复: Partnership Inquiry - Reseller + API Integration (France),part3b,19e4f205a8e26c79,email-assets,duplicate_of:main_01_Outlook-uphnzvtj.jpg
main_01_Outlook-uphnzvtj.jpg,Outlook-afj1krc0.jpg,9c2433051266552d452ca6f85f819d5be8d72f1cbdeb237a2fa00c9b5dcc1c09,44485,image/jpeg,2026-05-22T09:59:32+00:00,回复: Partnership Inquiry - Reseller + API Integration (France),part3b,19e4f205a8e26c79,email-assets,duplicate_of:main_01_Outlook-uphnzvtj.jpg
main_01_Outlook-uphnzvtj.jpg,Outlook-jckcirdm.jpg,9c2433051266552d452ca6f85f819d5be8d72f1cbdeb237a2fa00c9b5dcc1c09,44485,image/jpeg,2026-05-22T09:59:32+00:00,回复: Partnership Inquiry - Reseller + API Integration (France),part3b,19e4f205a8e26c79,email-assets,duplicate_of:main_01_Outlook-uphnzvtj.jpg
part3b_01_HUAX250530041RR_满益(京宏)-AI 录音机_CE_RED_Report.pdf,HUAX250530041RR_满益(京宏)-AI 录音机_CE_RED_Report.pdf,24df58fd5d3e5285ad27a0fd585aeda84fca69cf2575ebfcbc37a67d71500cb3,23586204,application/pdf,2026-05-22T09:59:32+00:00,回复: Partnership Inquiry - Reseller + API Integration (France),part3b,19e4f205a8e26c79,compliance,
main_01_Outlook-uphnzvtj.jpg,Outlook-rsown2yv.jpg,9c2433051266552d452ca6f85f819d5be8d72f1cbdeb237a2fa00c9b5dcc1c09,44485,image/jpeg,2026-05-22T09:59:57+00:00,回复: Partnership Inquiry - Reseller + API Integration (France),part4,19e4f20baa7f475e,email-assets,duplicate_of:main_01_Outlook-uphnzvtj.jpg
main_01_Outlook-uphnzvtj.jpg,Outlook-l2y102ii.jpg,9c2433051266552d452ca6f85f819d5be8d72f1cbdeb237a2fa00c9b5dcc1c09,44485,image/jpeg,2026-05-22T09:59:57+00:00,回复: Partnership Inquiry - Reseller + API Integration (France),part4,19e4f20baa7f475e,email-assets,duplicate_of:main_01_Outlook-uphnzvtj.jpg
main_01_Outlook-uphnzvtj.jpg,Outlook-xjxqsdxn.jpg,9c2433051266552d452ca6f85f819d5be8d72f1cbdeb237a2fa00c9b5dcc1c09,44485,image/jpeg,2026-05-22T09:59:57+00:00,回复: Partnership Inquiry - Reseller + API Integration (France),part4,19e4f20baa7f475e,email-assets,duplicate_of:main_01_Outlook-uphnzvtj.jpg
main_01_Outlook-uphnzvtj.jpg,Outlook-hcbxvpyz.jpg,9c2433051266552d452ca6f85f819d5be8d72f1cbdeb237a2fa00c9b5dcc1c09,44485,image/jpeg,2026-05-22T09:59:57+00:00,回复: Partnership Inquiry - Reseller + API Integration (France),part4,19e4f20baa7f475e,email-assets,duplicate_of:main_01_Outlook-uphnzvtj.jpg
main_03_Outlook-eond0awr.png,image.png,a0914fb2f8f7ad5a23a8f676f6eb02d865e99bd0571355e284909d8cd27fc1c9,85871,image/png,2026-05-22T09:59:57+00:00,回复: Partnership Inquiry - Reseller + API Integration (France),part4,19e4f20baa7f475e,email-assets,duplicate_of:main_03_Outlook-eond0awr.png
main_01_Outlook-uphnzvtj.jpg,Outlook-aevw2bhn.jpg,9c2433051266552d452ca6f85f819d5be8d72f1cbdeb237a2fa00c9b5dcc1c09,44485,image/jpeg,2026-05-22T09:59:57+00:00,回复: Partnership Inquiry - Reseller + API Integration (France),part4,19e4f20baa7f475e,email-assets,duplicate_of:main_01_Outlook-uphnzvtj.jpg
main_01_Outlook-uphnzvtj.jpg,Outlook-3fmafput.jpg,9c2433051266552d452ca6f85f819d5be8d72f1cbdeb237a2fa00c9b5dcc1c09,44485,image/jpeg,2026-05-22T09:59:57+00:00,回复: Partnership Inquiry - Reseller + API Integration (France),part4,19e4f20baa7f475e,email-assets,duplicate_of:main_01_Outlook-uphnzvtj.jpg
main_01_Outlook-uphnzvtj.jpg,Outlook-xshyebea.jpg,9c2433051266552d452ca6f85f819d5be8d72f1cbdeb237a2fa00c9b5dcc1c09,44485,image/jpeg,2026-05-22T09:59:57+00:00,回复: Partnership Inquiry - Reseller + API Integration (France),part4,19e4f20baa7f475e,email-assets,duplicate_of:main_01_Outlook-uphnzvtj.jpg
main_01_Outlook-uphnzvtj.jpg,Outlook-rd4ieslc.jpg,9c2433051266552d452ca6f85f819d5be8d72f1cbdeb237a2fa00c9b5dcc1c09,44485,image/jpeg,2026-05-22T09:59:57+00:00,回复: Partnership Inquiry - Reseller + API Integration (France),part4,19e4f20baa7f475e,email-assets,duplicate_of:main_01_Outlook-uphnzvtj.jpg
main_01_Outlook-uphnzvtj.jpg,Outlook-yf3elnnu.jpg,9c2433051266552d452ca6f85f819d5be8d72f1cbdeb237a2fa00c9b5dcc1c09,44485,image/jpeg,2026-05-22T09:59:57+00:00,回复: Partnership Inquiry - Reseller + API Integration (France),part4,19e4f20baa7f475e,email-assets,duplicate_of:main_01_Outlook-uphnzvtj.jpg
main_01_Outlook-uphnzvtj.jpg,Outlook-hjlidzlx.jpg,9c2433051266552d452ca6f85f819d5be8d72f1cbdeb237a2fa00c9b5dcc1c09,44485,image/jpeg,2026-05-22T09:59:57+00:00,回复: Partnership Inquiry - Reseller + API Integration (France),part4,19e4f20baa7f475e,email-assets,duplicate_of:main_01_Outlook-uphnzvtj.jpg
main_01_Outlook-uphnzvtj.jpg,Outlook-ztlweesi.jpg,9c2433051266552d452ca6f85f819d5be8d72f1cbdeb237a2fa00c9b5dcc1c09,44485,image/jpeg,2026-05-22T09:59:57+00:00,回复: Partnership Inquiry - Reseller + API Integration (France),part4,19e4f20baa7f475e,email-assets,duplicate_of:main_01_Outlook-uphnzvtj.jpg
main_01_Outlook-uphnzvtj.jpg,Outlook-myfrlpmk.jpg,9c2433051266552d452ca6f85f819d5be8d72f1cbdeb237a2fa00c9b5dcc1c09,44485,image/jpeg,2026-05-22T09:59:57+00:00,回复: Partnership Inquiry - Reseller + API Integration (France),part4,19e4f20baa7f475e,email-assets,duplicate_of:main_01_Outlook-uphnzvtj.jpg
part4_01_HUAX250530041SR_满益(京宏)-AI 录音机_CE_LVD_EN IEC 62368-1_Report.pdf,HUAX250530041SR_满益(京宏)-AI 录音机_CE_LVD_EN IEC 62368-1_Report.pdf,9404a7814dcc5cded9dbd3218978d882fd97f39a6de5bb6e81cfceeb4bdfec9e,20899038,application/pdf,2026-05-22T09:59:57+00:00,回复: Partnership Inquiry - Reseller + API Integration (France),part4,19e4f20baa7f475e,compliance,
main_01_Outlook-uphnzvtj.jpg,Outlook-rsown2yv.jpg,9c2433051266552d452ca6f85f819d5be8d72f1cbdeb237a2fa00c9b5dcc1c09,44485,image/jpeg,2026-05-22T10:01:18+00:00,回复: Partnership Inquiry - Reseller + API Integration (France),part5,19e4f21e827bc938,email-assets,duplicate_of:main_01_Outlook-uphnzvtj.jpg
main_01_Outlook-uphnzvtj.jpg,Outlook-l2y102ii.jpg,9c2433051266552d452ca6f85f819d5be8d72f1cbdeb237a2fa00c9b5dcc1c09,44485,image/jpeg,2026-05-22T10:01:18+00:00,回复: Partnership Inquiry - Reseller + API Integration (France),part5,19e4f21e827bc938,email-assets,duplicate_of:main_01_Outlook-uphnzvtj.jpg
main_01_Outlook-uphnzvtj.jpg,Outlook-xjxqsdxn.jpg,9c2433051266552d452ca6f85f819d5be8d72f1cbdeb237a2fa00c9b5dcc1c09,44485,image/jpeg,2026-05-22T10:01:18+00:00,回复: Partnership Inquiry - Reseller + API Integration (France),part5,19e4f21e827bc938,email-assets,duplicate_of:main_01_Outlook-uphnzvtj.jpg
main_01_Outlook-uphnzvtj.jpg,Outlook-hcbxvpyz.jpg,9c2433051266552d452ca6f85f819d5be8d72f1cbdeb237a2fa00c9b5dcc1c09,44485,image/jpeg,2026-05-22T10:01:18+00:00,回复: Partnership Inquiry - Reseller + API Integration (France),part5,19e4f21e827bc938,email-assets,duplicate_of:main_01_Outlook-uphnzvtj.jpg
main_03_Outlook-eond0awr.png,image.png,a0914fb2f8f7ad5a23a8f676f6eb02d865e99bd0571355e284909d8cd27fc1c9,85871,image/png,2026-05-22T10:01:18+00:00,回复: Partnership Inquiry - Reseller + API Integration (France),part5,19e4f21e827bc938,email-assets,duplicate_of:main_03_Outlook-eond0awr.png
main_01_Outlook-uphnzvtj.jpg,Outlook-aevw2bhn.jpg,9c2433051266552d452ca6f85f819d5be8d72f1cbdeb237a2fa00c9b5dcc1c09,44485,image/jpeg,2026-05-22T10:01:18+00:00,回复: Partnership Inquiry - Reseller + API Integration (France),part5,19e4f21e827bc938,email-assets,duplicate_of:main_01_Outlook-uphnzvtj.jpg
main_01_Outlook-uphnzvtj.jpg,Outlook-3fmafput.jpg,9c2433051266552d452ca6f85f819d5be8d72f1cbdeb237a2fa00c9b5dcc1c09,44485,image/jpeg,2026-05-22T10:01:18+00:00,回复: Partnership Inquiry - Reseller + API Integration (France),part5,19e4f21e827bc938,email-assets,duplicate_of:main_01_Outlook-uphnzvtj.jpg
main_01_Outlook-uphnzvtj.jpg,Outlook-xshyebea.jpg,9c2433051266552d452ca6f85f819d5be8d72f1cbdeb237a2fa00c9b5dcc1c09,44485,image/jpeg,2026-05-22T10:01:18+00:00,回复: Partnership Inquiry - Reseller + API Integration (France),part5,19e4f21e827bc938,email-assets,duplicate_of:main_01_Outlook-uphnzvtj.jpg
main_01_Outlook-uphnzvtj.jpg,Outlook-rd4ieslc.jpg,9c2433051266552d452ca6f85f819d5be8d72f1cbdeb237a2fa00c9b5dcc1c09,44485,image/jpeg,2026-05-22T10:01:18+00:00,回复: Partnership Inquiry - Reseller + API Integration (France),part5,19e4f21e827bc938,email-assets,duplicate_of:main_01_Outlook-uphnzvtj.jpg
main_01_Outlook-uphnzvtj.jpg,Outlook-yf3elnnu.jpg,9c2433051266552d452ca6f85f819d5be8d72f1cbdeb237a2fa00c9b5dcc1c09,44485,image/jpeg,2026-05-22T10:01:18+00:00,回复: Partnership Inquiry - Reseller + API Integration (France),part5,19e4f21e827bc938,email-assets,duplicate_of:main_01_Outlook-uphnzvtj.jpg
main_01_Outlook-uphnzvtj.jpg,Outlook-afj1krc0.jpg,9c2433051266552d452ca6f85f819d5be8d72f1cbdeb237a2fa00c9b5dcc1c09,44485,image/jpeg,2026-05-22T10:01:18+00:00,回复: Partnership Inquiry - Reseller + API Integration (France),part5,19e4f21e827bc938,email-assets,duplicate_of:main_01_Outlook-uphnzvtj.jpg
main_01_Outlook-uphnzvtj.jpg,Outlook-jckcirdm.jpg,9c2433051266552d452ca6f85f819d5be8d72f1cbdeb237a2fa00c9b5dcc1c09,44485,image/jpeg,2026-05-22T10:01:18+00:00,回复: Partnership Inquiry - Reseller + API Integration (France),part5,19e4f21e827bc938,email-assets,duplicate_of:main_01_Outlook-uphnzvtj.jpg
main_01_Outlook-uphnzvtj.jpg,Outlook-xfvmzkfd.jpg,9c2433051266552d452ca6f85f819d5be8d72f1cbdeb237a2fa00c9b5dcc1c09,44485,image/jpeg,2026-05-22T10:01:18+00:00,回复: Partnership Inquiry - Reseller + API Integration (France),part5,19e4f21e827bc938,email-assets,duplicate_of:main_01_Outlook-uphnzvtj.jpg
part5_01_CTB25052700601RF01-15.247-BLE 报告-2M.pdf,CTB25052700601RF01-15.247-BLE 报告-2M.pdf,e4624ee0b7d2141394a24ef8ad08c7ff78fd78f022145e36b6f70ad43d045849,3341617,application/pdf,2026-05-22T10:01:18+00:00,回复: Partnership Inquiry - Reseller + API Integration (France),part5,19e4f21e827bc938,compliance,
part5_02_CTB25052700601RF02-15.247 EDR 报告-3M.pdf,CTB25052700601RF02-15.247 EDR 报告-3M.pdf,71e7d06f7ec42b93d80e53026aa27619b41f6671792d5dda537a852f3dc493ba,5721339,application/pdf,2026-05-22T10:01:18+00:00,回复: Partnership Inquiry - Reseller + API Integration (France),part5,19e4f21e827bc938,compliance,
part5_03_EMC EFGX25060570-IE-02 FCC Grant DSS.pdf,EMC EFGX25060570-IE-02 FCC Grant DSS.pdf,c326094ad514d7c16d0777ef796ee89fc47d0ddbb8137f04bb45c126b6293640,214664,application/pdf,2026-05-22T10:01:18+00:00,回复: Partnership Inquiry - Reseller + API Integration (France),part5,19e4f21e827bc938,compliance,
part5_04_EMC EFGX25060570-IE-02 FCC Grant DTS.pdf,EMC EFGX25060570-IE-02 FCC Grant DTS.pdf,7f41ddaf520269988ce497f37a68d3ded5327b554c8e488b74ca8f7bfc563155,214802,application/pdf,2026-05-22T10:01:18+00:00,回复: Partnership Inquiry - Reseller + API Integration (France),part5,19e4f21e827bc938,compliance,
part5_05_Label and Location.pdf,Label and Location.pdf,6306332653b053ac43ab9d8482ea141736210e4ce6d6bbeb1e0c7893c21c39d9,259779,application/pdf,2026-05-22T10:01:18+00:00,回复: Partnership Inquiry - Reseller + API Integration (France),part5,19e4f21e827bc938,compliance,
part5_06_Manual.pdf,Manual.pdf,81885d5efb7327bf4cb6814ee2a2abf96a600df5e073ac214d3b14603e53de52,3045935,application/pdf,2026-05-22T10:01:18+00:00,回复: Partnership Inquiry - Reseller + API Integration (France),part5,19e4f21e827bc938,technical-gen1,
main_01_Outlook-uphnzvtj.jpg,Outlook-rsown2yv.jpg,9c2433051266552d452ca6f85f819d5be8d72f1cbdeb237a2fa00c9b5dcc1c09,44485,image/jpeg,2026-05-22T10:01:53+00:00,回复: Partnership Inquiry - Reseller + API Integration (France),part6,19e4f2277c744fbc,email-assets,duplicate_of:main_01_Outlook-uphnzvtj.jpg
main_01_Outlook-uphnzvtj.jpg,Outlook-l2y102ii.jpg,9c2433051266552d452ca6f85f819d5be8d72f1cbdeb237a2fa00c9b5dcc1c09,44485,image/jpeg,2026-05-22T10:01:53+00:00,回复: Partnership Inquiry - Reseller + API Integration (France),part6,19e4f2277c744fbc,email-assets,duplicate_of:main_01_Outlook-uphnzvtj.jpg
main_01_Outlook-uphnzvtj.jpg,Outlook-xjxqsdxn.jpg,9c2433051266552d452ca6f85f819d5be8d72f1cbdeb237a2fa00c9b5dcc1c09,44485,image/jpeg,2026-05-22T10:01:53+00:00,回复: Partnership Inquiry - Reseller + API Integration (France),part6,19e4f2277c744fbc,email-assets,duplicate_of:main_01_Outlook-uphnzvtj.jpg
main_01_Outlook-uphnzvtj.jpg,Outlook-hcbxvpyz.jpg,9c2433051266552d452ca6f85f819d5be8d72f1cbdeb237a2fa00c9b5dcc1c09,44485,image/jpeg,2026-05-22T10:01:53+00:00,回复: Partnership Inquiry - Reseller + API Integration (France),part6,19e4f2277c744fbc,email-assets,duplicate_of:main_01_Outlook-uphnzvtj.jpg
main_03_Outlook-eond0awr.png,image.png,a0914fb2f8f7ad5a23a8f676f6eb02d865e99bd0571355e284909d8cd27fc1c9,85871,image/png,2026-05-22T10:01:53+00:00,回复: Partnership Inquiry - Reseller + API Integration (France),part6,19e4f2277c744fbc,email-assets,duplicate_of:main_03_Outlook-eond0awr.png
main_01_Outlook-uphnzvtj.jpg,Outlook-aevw2bhn.jpg,9c2433051266552d452ca6f85f819d5be8d72f1cbdeb237a2fa00c9b5dcc1c09,44485,image/jpeg,2026-05-22T10:01:53+00:00,回复: Partnership Inquiry - Reseller + API Integration (France),part6,19e4f2277c744fbc,email-assets,duplicate_of:main_01_Outlook-uphnzvtj.jpg
main_01_Outlook-uphnzvtj.jpg,Outlook-3fmafput.jpg,9c2433051266552d452ca6f85f819d5be8d72f1cbdeb237a2fa00c9b5dcc1c09,44485,image/jpeg,2026-05-22T10:01:53+00:00,回复: Partnership Inquiry - Reseller + API Integration (France),part6,19e4f2277c744fbc,email-assets,duplicate_of:main_01_Outlook-uphnzvtj.jpg
main_01_Outlook-uphnzvtj.jpg,Outlook-xshyebea.jpg,9c2433051266552d452ca6f85f819d5be8d72f1cbdeb237a2fa00c9b5dcc1c09,44485,image/jpeg,2026-05-22T10:01:53+00:00,回复: Partnership Inquiry - Reseller + API Integration (France),part6,19e4f2277c744fbc,email-assets,duplicate_of:main_01_Outlook-uphnzvtj.jpg
main_01_Outlook-uphnzvtj.jpg,Outlook-rd4ieslc.jpg,9c2433051266552d452ca6f85f819d5be8d72f1cbdeb237a2fa00c9b5dcc1c09,44485,image/jpeg,2026-05-22T10:01:53+00:00,回复: Partnership Inquiry - Reseller + API Integration (France),part6,19e4f2277c744fbc,email-assets,duplicate_of:main_01_Outlook-uphnzvtj.jpg
main_01_Outlook-uphnzvtj.jpg,Outlook-yf3elnnu.jpg,9c2433051266552d452ca6f85f819d5be8d72f1cbdeb237a2fa00c9b5dcc1c09,44485,image/jpeg,2026-05-22T10:01:53+00:00,回复: Partnership Inquiry - Reseller + API Integration (France),part6,19e4f2277c744fbc,email-assets,duplicate_of:main_01_Outlook-uphnzvtj.jpg
main_01_Outlook-uphnzvtj.jpg,Outlook-hjlidzlx.jpg,9c2433051266552d452ca6f85f819d5be8d72f1cbdeb237a2fa00c9b5dcc1c09,44485,image/jpeg,2026-05-22T10:01:53+00:00,回复: Partnership Inquiry - Reseller + API Integration (France),part6,19e4f2277c744fbc,email-assets,duplicate_of:main_01_Outlook-uphnzvtj.jpg
main_01_Outlook-uphnzvtj.jpg,Outlook-ztlweesi.jpg,9c2433051266552d452ca6f85f819d5be8d72f1cbdeb237a2fa00c9b5dcc1c09,44485,image/jpeg,2026-05-22T10:01:53+00:00,回复: Partnership Inquiry - Reseller + API Integration (France),part6,19e4f2277c744fbc,email-assets,duplicate_of:main_01_Outlook-uphnzvtj.jpg
main_01_Outlook-uphnzvtj.jpg,Outlook-myfrlpmk.jpg,9c2433051266552d452ca6f85f819d5be8d72f1cbdeb237a2fa00c9b5dcc1c09,44485,image/jpeg,2026-05-22T10:01:53+00:00,回复: Partnership Inquiry - Reseller + API Integration (France),part6,19e4f2277c744fbc,email-assets,duplicate_of:main_01_Outlook-uphnzvtj.jpg
main_01_Outlook-uphnzvtj.jpg,Outlook-far2n2bm.jpg,9c2433051266552d452ca6f85f819d5be8d72f1cbdeb237a2fa00c9b5dcc1c09,44485,image/jpeg,2026-05-22T10:01:53+00:00,回复: Partnership Inquiry - Reseller + API Integration (France),part6,19e4f2277c744fbc,email-assets,duplicate_of:main_01_Outlook-uphnzvtj.jpg
part6_01_CTB25052700602      人工智能语音记录器  CE-ROHS 英文证书 正本.pdf,CTB25052700602      人工智能语音记录器  CE-ROHS 英文证书 正本.pdf,aa93fd876167d818f54eada5dfc53df24faed19046d45411c5527877af1210b0,381178,application/pdf,2026-05-22T10:01:53+00:00,回复: Partnership Inquiry - Reseller + API Integration (France),part6,19e4f2277c744fbc,compliance,
part6_02_CTB25052700602C01 人工智能语音记录器  CE-ROHS 英文报告  化测 扫描 正本.pdf,CTB25052700602C01 人工智能语音记录器  CE-ROHS 英文报告  化测 扫描 正本.pdf,97df99e54260414fc2dbfc230c95bd2f24855bf66217c9d0b626b1c560532006,1073399,application/pdf,2026-05-22T10:01:53+00:00,回复: Partnership Inquiry - Reseller + API Integration (France),part6,19e4f2277c744fbc,compliance,
